Model,Accuracy,Precision,Recall,F1,ROC-AUC,CV F1 Mean,CV F1 Std
Random Forest,1.0,1.0,1.0,1.0,1.0,0.9802376485303315,0.009893043118591722
Logistic Regression,0.7833333333333333,0.6875,0.88,0.7719298245614035,0.9348571428571428,0.7893597630439736,0.05912400987479882
