Model,MSE,RMSE,MAE,R²,CV R² Mean,CV R² Std
Gradient Boosting,25.52011454970556,5.051743713778992,4.067876518450461,0.9106750381682919,0.8682000865543873,0.017069546884180758
SVR (RBF),36.24634926254956,6.020494104519126,4.771002104917301,0.8731312997004805,0.7910692185114399,0.03377933223520902
Random Forest,44.09103484145683,6.640108044411388,5.579243856904818,0.845673498186587,0.7795411123217847,0.041041054539937276
Decision Tree,66.04507390725644,8.126812038386051,6.3700610481566375,0.7688304378709739,0.6511777560475563,0.059232134265149686
KNN,71.4516151556579,8.452905722629225,6.703698745377039,0.7499065772545024,0.6111233542251213,0.036588889370917345
Linear Regression,76.40109818610713,8.740772173332694,7.063119606458243,0.7325825020854642,0.6763905055038425,0.07158913567222122
